pipeline,class,source,band,band_low_hz,band_high_hz,mean_energy_db,median_energy_db,std_energy_db,n_segments_or_windows
yolo_v3_old_pipeline,2um,particle_labels,0-1 kHz,0.0,1000.0,-70.38456124633548,-68.34042976445686,10.265998129347107,135
yolo_v3_old_pipeline,2um,particle_labels,1-7 kHz,1000.0,7000.0,-56.65443948171581,-56.7293946891194,5.400703263662397,135
yolo_v3_old_pipeline,2um,particle_labels,7-10 kHz,7000.0,10000.0,-48.82762798751351,-47.47858509583377,22.78409112524816,135
yolo_v3_old_pipeline,2um,particle_labels,10-40 kHz,10000.0,40000.0,-29.522164490976106,-29.679063274600903,4.141326125799723,135
yolo_v3_old_pipeline,2um,particle_labels,40-80 kHz,40000.0,80000.0,-44.19043287878674,-44.20452742367007,2.432591641512723,135
yolo_v3_old_pipeline,2um,particle_labels,80 kHz-Nyq,80000.0,,-58.849595083305324,-58.76751597453608,2.518034143498799,135
yolo_v3_old_pipeline,2um,dataset_noise_windows,0-1 kHz,0.0,1000.0,-82.46291431534422,-80.99184329588138,9.92759332438461,5999
yolo_v3_old_pipeline,2um,dataset_noise_windows,1-7 kHz,1000.0,7000.0,-57.737032406517976,-57.84919186154446,4.7293734012777,5999
yolo_v3_old_pipeline,2um,dataset_noise_windows,7-10 kHz,7000.0,10000.0,-47.129018920527045,-47.495478950469696,4.356217824322125,5999
yolo_v3_old_pipeline,2um,dataset_noise_windows,10-40 kHz,10000.0,40000.0,-38.16773603189339,-39.74049093557952,4.605191442765017,5999
yolo_v3_old_pipeline,2um,dataset_noise_windows,40-80 kHz,40000.0,80000.0,-42.87094796181681,-43.81210764070233,3.691589359347608,5999
yolo_v3_old_pipeline,2um,dataset_noise_windows,80 kHz-Nyq,80000.0,,-57.19188319943301,-58.04465277885554,3.9378125906712147,5999
yolo_v3_old_pipeline,4um,particle_labels,0-1 kHz,0.0,1000.0,-62.486894759633856,-59.773020545836715,9.526463744306644,154
yolo_v3_old_pipeline,4um,particle_labels,1-7 kHz,1000.0,7000.0,-54.3595511838393,-54.13162249997671,4.920986740578384,154
yolo_v3_old_pipeline,4um,particle_labels,7-10 kHz,7000.0,10000.0,-48.54314846552577,-48.69182163849263,7.94948194919102,154
yolo_v3_old_pipeline,4um,particle_labels,10-40 kHz,10000.0,40000.0,-19.740082279430162,-19.046886611421968,2.8241769367367593,154
yolo_v3_old_pipeline,4um,particle_labels,40-80 kHz,40000.0,80000.0,-42.05241392136097,-42.29493445185176,2.3836895748839777,154
yolo_v3_old_pipeline,4um,particle_labels,80 kHz-Nyq,80000.0,,-58.1912215584226,-58.05511439392926,2.3327986434286228,154
yolo_v3_old_pipeline,4um,dataset_noise_windows,0-1 kHz,0.0,1000.0,-82.42064702927668,-80.9888904520321,9.936574531179286,3123
yolo_v3_old_pipeline,4um,dataset_noise_windows,1-7 kHz,1000.0,7000.0,-57.73344920444658,-57.88264539475531,4.670686615380854,3123
yolo_v3_old_pipeline,4um,dataset_noise_windows,7-10 kHz,7000.0,10000.0,-47.121012257919155,-47.497951612021005,4.272188053422675,3123
yolo_v3_old_pipeline,4um,dataset_noise_windows,10-40 kHz,10000.0,40000.0,-38.148655135692415,-39.72004863920601,4.515546101479481,3123
yolo_v3_old_pipeline,4um,dataset_noise_windows,40-80 kHz,40000.0,80000.0,-42.85926021984309,-43.8036178934677,3.603593145314056,3123
yolo_v3_old_pipeline,4um,dataset_noise_windows,80 kHz-Nyq,80000.0,,-57.183871172531454,-58.05836795158708,3.8558903898137595,3123
yolo_v3_old_pipeline,10um,particle_labels,0-1 kHz,0.0,1000.0,-65.59355098271052,-65.80971881560636,10.339548825484272,95
yolo_v3_old_pipeline,10um,particle_labels,1-7 kHz,1000.0,7000.0,-54.36345685042259,-54.34797857711882,5.572060439344039,95
yolo_v3_old_pipeline,10um,particle_labels,7-10 kHz,7000.0,10000.0,-47.801761507783596,-47.306190077692,27.773790595074296,95
yolo_v3_old_pipeline,10um,particle_labels,10-40 kHz,10000.0,40000.0,-23.136380854600127,-22.799724868149532,7.376037896226897,95
yolo_v3_old_pipeline,10um,particle_labels,40-80 kHz,40000.0,80000.0,-41.9438287498504,-43.507356999350584,5.310960228058818,95
yolo_v3_old_pipeline,10um,particle_labels,80 kHz-Nyq,80000.0,,-57.80742051050446,-58.30253370042936,4.238220841811994,95
yolo_v3_old_pipeline,10um,dataset_noise_windows,0-1 kHz,0.0,1000.0,-82.42064702927668,-80.9888904520321,9.936574531179286,3123
yolo_v3_old_pipeline,10um,dataset_noise_windows,1-7 kHz,1000.0,7000.0,-57.73344920444658,-57.88264539475531,4.670686615380854,3123
yolo_v3_old_pipeline,10um,dataset_noise_windows,7-10 kHz,7000.0,10000.0,-47.121012257919155,-47.497951612021005,4.272188053422675,3123
yolo_v3_old_pipeline,10um,dataset_noise_windows,10-40 kHz,10000.0,40000.0,-38.148655135692415,-39.72004863920601,4.515546101479481,3123
yolo_v3_old_pipeline,10um,dataset_noise_windows,40-80 kHz,40000.0,80000.0,-42.85926021984309,-43.8036178934677,3.603593145314056,3123
yolo_v3_old_pipeline,10um,dataset_noise_windows,80 kHz-Nyq,80000.0,,-57.183871172531454,-58.05836795158708,3.8558903898137595,3123
p0_c1_particles2SNR,2um,particle_labels,0-1 kHz,0.0,1000.0,-77.15919550311348,-75.61552614474463,10.674225164296761,3622
p0_c1_particles2SNR,2um,particle_labels,1-7 kHz,1000.0,7000.0,-57.92717684556496,-57.84901367347528,5.224805956398857,3622
p0_c1_particles2SNR,2um,particle_labels,7-10 kHz,7000.0,10000.0,-49.824532871818406,-47.16612513567692,25.550443956502363,3622
p0_c1_particles2SNR,2um,particle_labels,10-40 kHz,10000.0,40000.0,-37.88232972264079,-39.16470628036032,3.9791776797601655,3622
p0_c1_particles2SNR,2um,particle_labels,40-80 kHz,40000.0,80000.0,-44.13212418558481,-44.125787930306515,1.2539534137326518,3622
p0_c1_particles2SNR,2um,particle_labels,80 kHz-Nyq,80000.0,,-58.67086006797256,-58.66478601933724,1.9097007461120112,3622
p0_c1_particles2SNR,2um,dataset_noise_windows,0-1 kHz,0.0,1000.0,-86.26806085252787,-84.39919114274345,9.886531437171497,771
p0_c1_particles2SNR,2um,dataset_noise_windows,1-7 kHz,1000.0,7000.0,-61.170609186407766,-60.641465996426604,4.224646745373348,771
p0_c1_particles2SNR,2um,dataset_noise_windows,7-10 kHz,7000.0,10000.0,-50.53650399801725,-49.72493480468904,4.635440929525638,771
p0_c1_particles2SNR,2um,dataset_noise_windows,10-40 kHz,10000.0,40000.0,-41.814452003709135,-41.158400539533275,4.171918417253002,771
p0_c1_particles2SNR,2um,dataset_noise_windows,40-80 kHz,40000.0,80000.0,-45.194937933098004,-44.43666251643249,4.4043789796714305,771
p0_c1_particles2SNR,2um,dataset_noise_windows,80 kHz-Nyq,80000.0,,-59.521543432974404,-58.85373688127554,4.138648569410031,771
p0_c1_particles2SNR,4um,particle_labels,0-1 kHz,0.0,1000.0,-74.72180753496951,-74.21475372127551,11.87388044127803,1645
p0_c1_particles2SNR,4um,particle_labels,1-7 kHz,1000.0,7000.0,-57.09173883152271,-56.93356098828093,5.486762038948909,1645
p0_c1_particles2SNR,4um,particle_labels,7-10 kHz,7000.0,10000.0,-50.01355942927216,-47.4622913577019,25.30705043365167,1645
p0_c1_particles2SNR,4um,particle_labels,10-40 kHz,10000.0,40000.0,-32.235358696194595,-37.55532608238805,8.77242129120175,1645
p0_c1_particles2SNR,4um,particle_labels,40-80 kHz,40000.0,80000.0,-43.514490838072234,-43.70129963850062,1.686457295680678,1645
p0_c1_particles2SNR,4um,particle_labels,80 kHz-Nyq,80000.0,,-58.8078483255429,-58.76693907759573,1.9872664939927034,1645
p0_c1_particles2SNR,4um,dataset_noise_windows,0-1 kHz,0.0,1000.0,-85.95697529450305,-84.39919114274345,9.794551481306355,425
p0_c1_particles2SNR,4um,dataset_noise_windows,1-7 kHz,1000.0,7000.0,-61.219008514199686,-60.50179081162825,4.59177351107164,425
p0_c1_particles2SNR,4um,dataset_noise_windows,7-10 kHz,7000.0,10000.0,-50.60651046003171,-49.72749409781144,5.112321824407922,425
p0_c1_particles2SNR,4um,dataset_noise_windows,10-40 kHz,10000.0,40000.0,-41.864478821696366,-41.137938151390905,4.468834591378299,425
p0_c1_particles2SNR,4um,dataset_noise_windows,40-80 kHz,40000.0,80000.0,-45.26497630414613,-44.417829569671824,4.640229534750324,425
p0_c1_particles2SNR,4um,dataset_noise_windows,80 kHz-Nyq,80000.0,,-59.601430870283544,-58.899805262998484,4.268834453747929,425
p0_c1_particles2SNR,10um,particle_labels,0-1 kHz,0.0,1000.0,-76.3429915441454,-75.50369713927543,11.246117280285413,1638
p0_c1_particles2SNR,10um,particle_labels,1-7 kHz,1000.0,7000.0,-57.30196738393633,-57.34049180259758,5.7427442462878435,1638
p0_c1_particles2SNR,10um,particle_labels,7-10 kHz,7000.0,10000.0,-49.20678583042434,-46.75725346093746,24.65888213818174,1638
p0_c1_particles2SNR,10um,particle_labels,10-40 kHz,10000.0,40000.0,-36.96061703872248,-38.969698662029316,5.817780534125139,1638
p0_c1_particles2SNR,10um,particle_labels,40-80 kHz,40000.0,80000.0,-43.83515756135243,-44.04726568232554,2.065061337215187,1638
p0_c1_particles2SNR,10um,particle_labels,80 kHz-Nyq,80000.0,,-58.81265188529559,-58.89684898160658,2.268036646863958,1638
p0_c1_particles2SNR,10um,dataset_noise_windows,0-1 kHz,0.0,1000.0,-85.95697529450305,-84.39919114274345,9.794551481306355,425
p0_c1_particles2SNR,10um,dataset_noise_windows,1-7 kHz,1000.0,7000.0,-61.219008514199686,-60.50179081162825,4.59177351107164,425
p0_c1_particles2SNR,10um,dataset_noise_windows,7-10 kHz,7000.0,10000.0,-50.60651046003171,-49.72749409781144,5.112321824407922,425
p0_c1_particles2SNR,10um,dataset_noise_windows,10-40 kHz,10000.0,40000.0,-41.864478821696366,-41.137938151390905,4.468834591378299,425
p0_c1_particles2SNR,10um,dataset_noise_windows,40-80 kHz,40000.0,80000.0,-45.26497630414613,-44.417829569671824,4.640229534750324,425
p0_c1_particles2SNR,10um,dataset_noise_windows,80 kHz-Nyq,80000.0,,-59.601430870283544,-58.899805262998484,4.268834453747929,425
p0_c1_clean_7_80_khz,2um,particle_labels,0-1 kHz,0.0,1000.0,-76.340738598504,-74.71431415565216,10.603526515116759,320
p0_c1_clean_7_80_khz,2um,particle_labels,1-7 kHz,1000.0,7000.0,-65.26727899167675,-65.83530503755006,6.302787440587638,320
p0_c1_clean_7_80_khz,2um,particle_labels,7-10 kHz,7000.0,10000.0,-49.382021191904045,-48.288923313661655,20.922867658933765,320
p0_c1_clean_7_80_khz,2um,particle_labels,10-40 kHz,10000.0,40000.0,-32.56141620065873,-32.55555096666837,4.792407655473319,320
p0_c1_clean_7_80_khz,2um,particle_labels,40-80 kHz,40000.0,80000.0,-44.56715616057208,-44.58602688300649,1.5448366439947083,320
p0_c1_clean_7_80_khz,2um,particle_labels,80 kHz-Nyq,80000.0,,-66.89729546854616,-66.9593969285278,2.157150087322958,320
p0_c1_clean_7_80_khz,2um,dataset_noise_windows,0-1 kHz,0.0,1000.0,-85.04380703883913,-83.2675932703552,9.671610781225185,8207
p0_c1_clean_7_80_khz,2um,dataset_noise_windows,1-7 kHz,1000.0,7000.0,-67.12107909510947,-66.97353279342258,4.243709916693365,8207
p0_c1_clean_7_80_khz,2um,dataset_noise_windows,7-10 kHz,7000.0,10000.0,-49.45760752028082,-49.64575774702419,3.398663640831441,8207
p0_c1_clean_7_80_khz,2um,dataset_noise_windows,10-40 kHz,10000.0,40000.0,-40.15505447940083,-40.43267238728564,2.283505654489368,8207
p0_c1_clean_7_80_khz,2um,dataset_noise_windows,40-80 kHz,40000.0,80000.0,-44.68922383219132,-44.70703853782485,0.9742318312298687,8207
p0_c1_clean_7_80_khz,2um,dataset_noise_windows,80 kHz-Nyq,80000.0,,-66.87374578797842,-66.86323514351075,1.5963466445371812,8207
p0_c1_clean_7_80_khz,4um,particle_labels,0-1 kHz,0.0,1000.0,-73.72419969882486,-73.0635858873868,11.104459403648864,317
p0_c1_clean_7_80_khz,4um,particle_labels,1-7 kHz,1000.0,7000.0,-63.04823627645903,-63.47455374792014,6.958503248183231,317
p0_c1_clean_7_80_khz,4um,particle_labels,7-10 kHz,7000.0,10000.0,-50.535799300893395,-48.93403190950666,20.68059853447317,317
p0_c1_clean_7_80_khz,4um,particle_labels,10-40 kHz,10000.0,40000.0,-22.073570903438245,-20.785079755070516,4.888903118143684,317
p0_c1_clean_7_80_khz,4um,particle_labels,40-80 kHz,40000.0,80000.0,-43.26289620071563,-43.43988702487363,2.0063142632144966,317
p0_c1_clean_7_80_khz,4um,particle_labels,80 kHz-Nyq,80000.0,,-66.95472859293717,-67.04902136007176,2.69287875665242,317
p0_c1_clean_7_80_khz,4um,dataset_noise_windows,0-1 kHz,0.0,1000.0,-85.09674125475695,-83.30024651135523,9.820991491781562,4275
p0_c1_clean_7_80_khz,4um,dataset_noise_windows,1-7 kHz,1000.0,7000.0,-67.11429926218301,-66.96452831612254,4.235347778576302,4275
p0_c1_clean_7_80_khz,4um,dataset_noise_windows,7-10 kHz,7000.0,10000.0,-49.44415056860494,-49.65163108086691,3.408919267184547,4275
p0_c1_clean_7_80_khz,4um,dataset_noise_windows,10-40 kHz,10000.0,40000.0,-40.14564841514272,-40.43064932239947,2.3343471798756266,4275
p0_c1_clean_7_80_khz,4um,dataset_noise_windows,40-80 kHz,40000.0,80000.0,-44.687689874506574,-44.70917070520615,1.0196218032257487,4275
p0_c1_clean_7_80_khz,4um,dataset_noise_windows,80 kHz-Nyq,80000.0,,-66.87444455648122,-66.85902503329538,1.6149269907610428,4275
p0_c1_clean_7_80_khz,10um,particle_labels,0-1 kHz,0.0,1000.0,-74.20032656568826,-72.90375928178875,12.42322149853188,258
p0_c1_clean_7_80_khz,10um,particle_labels,1-7 kHz,1000.0,7000.0,-54.28458558783255,-58.4767020812386,13.797418147859327,258
p0_c1_clean_7_80_khz,10um,particle_labels,7-10 kHz,7000.0,10000.0,-40.95761153525678,-44.782358312995555,19.961787610593387,258
p0_c1_clean_7_80_khz,10um,particle_labels,10-40 kHz,10000.0,40000.0,-24.65881720217761,-22.396850407159384,7.68480236157625,258
p0_c1_clean_7_80_khz,10um,particle_labels,40-80 kHz,40000.0,80000.0,-38.072616674923054,-41.91910820091107,7.857329938303334,258
p0_c1_clean_7_80_khz,10um,particle_labels,80 kHz-Nyq,80000.0,,-61.80464444891402,-65.05230507926892,7.38310841904584,258
p0_c1_clean_7_80_khz,10um,dataset_noise_windows,0-1 kHz,0.0,1000.0,-85.09674125475695,-83.30024651135523,9.820991491781562,4275
p0_c1_clean_7_80_khz,10um,dataset_noise_windows,1-7 kHz,1000.0,7000.0,-67.11429926218301,-66.96452831612254,4.235347778576302,4275
p0_c1_clean_7_80_khz,10um,dataset_noise_windows,7-10 kHz,7000.0,10000.0,-49.44415056860494,-49.65163108086691,3.408919267184547,4275
p0_c1_clean_7_80_khz,10um,dataset_noise_windows,10-40 kHz,10000.0,40000.0,-40.14564841514272,-40.43064932239947,2.3343471798756266,4275
p0_c1_clean_7_80_khz,10um,dataset_noise_windows,40-80 kHz,40000.0,80000.0,-44.687689874506574,-44.70917070520615,1.0196218032257487,4275
p0_c1_clean_7_80_khz,10um,dataset_noise_windows,80 kHz-Nyq,80000.0,,-66.87444455648122,-66.85902503329538,1.6149269907610428,4275
noise_reference,2um,standalone_noise_folder,0-1 kHz,0.0,1000.0,-77.9546558924885,-75.93195075704845,9.095015974562054,7625
noise_reference,2um,standalone_noise_folder,1-7 kHz,1000.0,7000.0,-52.174672231728394,-51.99976310176497,3.3747287350193327,7625
noise_reference,2um,standalone_noise_folder,7-10 kHz,7000.0,10000.0,-41.76663718625553,-41.61256973772222,2.394593906288556,7625
noise_reference,2um,standalone_noise_folder,10-40 kHz,10000.0,40000.0,-33.69046800550507,-33.65829092274514,0.8162194115102689,7625
noise_reference,2um,standalone_noise_folder,40-80 kHz,40000.0,80000.0,-37.1115301487273,-37.11273492785496,0.6947693866991486,7625
noise_reference,2um,standalone_noise_folder,80 kHz-Nyq,80000.0,,-50.98367635823363,-50.98360132152091,1.22437727873303,7625
noise_reference,4um,standalone_noise_folder,0-1 kHz,0.0,1000.0,-77.87725023166445,-75.95006710437198,9.151418782132932,3965
noise_reference,4um,standalone_noise_folder,1-7 kHz,1000.0,7000.0,-52.17614070302698,-52.008762376696176,3.3746977170182366,3965
noise_reference,4um,standalone_noise_folder,7-10 kHz,7000.0,10000.0,-41.76825352680171,-41.64571786202802,2.3947521953887656,3965
noise_reference,4um,standalone_noise_folder,10-40 kHz,10000.0,40000.0,-33.69132942640502,-33.660708434395296,0.8176187991278164,3965
noise_reference,4um,standalone_noise_folder,40-80 kHz,40000.0,80000.0,-37.11165837303048,-37.106071488825926,0.695214522750121,3965
noise_reference,4um,standalone_noise_folder,80 kHz-Nyq,80000.0,,-50.982530503117765,-50.9818737338496,1.22496447411089,3965
noise_reference,10um,standalone_noise_folder,0-1 kHz,0.0,1000.0,-77.87725023166445,-75.95006710437198,9.151418782132932,3965
noise_reference,10um,standalone_noise_folder,1-7 kHz,1000.0,7000.0,-52.17614070302698,-52.008762376696176,3.3746977170182366,3965
noise_reference,10um,standalone_noise_folder,7-10 kHz,7000.0,10000.0,-41.76825352680171,-41.64571786202802,2.3947521953887656,3965
noise_reference,10um,standalone_noise_folder,10-40 kHz,10000.0,40000.0,-33.69132942640502,-33.660708434395296,0.8176187991278164,3965
noise_reference,10um,standalone_noise_folder,40-80 kHz,40000.0,80000.0,-37.11165837303048,-37.106071488825926,0.695214522750121,3965
noise_reference,10um,standalone_noise_folder,80 kHz-Nyq,80000.0,,-50.982530503117765,-50.9818737338496,1.22496447411089,3965
