file,path,class,interval_idx,start_sample,end_sample,duration_samples,flat_derivative_count,fs,fmin,fmax,min_flat,zero_threshold,method
HFocusing_5_10_10um_0_1.npy,P0/data/dataset_particles2SNR_c1/train/10um/HFocusing_5_10_10um_0_1.npy,10um,0,14598,16384,1786,1785,2000000.0,7000.0,80000.0,500,0.0001,bandpass_derivative_flat_run
HFocusing_5_10_10um_0_100.npy,P0/data/dataset_particles2SNR_c1/train/10um/HFocusing_5_10_10um_0_100.npy,10um,0,15551,16384,833,832,2000000.0,7000.0,80000.0,500,0.0001,bandpass_derivative_flat_run
HFocusing_5_10_10um_0_1027.npy,P0/data/dataset_particles2SNR_c1/train/10um/HFocusing_5_10_10um_0_1027.npy,10um,0,0,1618,1618,1617,2000000.0,7000.0,80000.0,500,0.0001,bandpass_derivative_flat_run
HFocusing_5_10_10um_0_1055.npy,P0/data/dataset_particles2SNR_c1/train/10um/HFocusing_5_10_10um_0_1055.npy,10um,0,11481,14692,3211,3210,2000000.0,7000.0,80000.0,500,0.0001,bandpass_derivative_flat_run
HFocusing_5_10_10um_0_1059.npy,P0/data/dataset_particles2SNR_c1/train/10um/HFocusing_5_10_10um_0_1059.npy,10um,0,11148,14316,3168,3167,2000000.0,7000.0,80000.0,500,0.0001,bandpass_derivative_flat_run
HFocusing_5_10_10um_0_107.npy,P0/data/dataset_particles2SNR_c1/train/10um/HFocusing_5_10_10um_0_107.npy,10um,0,7490,11112,3622,3621,2000000.0,7000.0,80000.0,500,0.0001,bandpass_derivative_flat_run
HFocusing_5_10_10um_0_1070.npy,P0/data/dataset_particles2SNR_c1/train/10um/HFocusing_5_10_10um_0_1070.npy,10um,0,12112,14154,2042,2041,2000000.0,7000.0,80000.0,500,0.0001,bandpass_derivative_flat_run
HFocusing_5_10_10um_0_1073.npy,P0/data/dataset_particles2SNR_c1/train/10um/HFocusing_5_10_10um_0_1073.npy,10um,0,0,1563,1563,1562,2000000.0,7000.0,80000.0,500,0.0001,bandpass_derivative_flat_run
HFocusing_5_10_10um_0_108.npy,P0/data/dataset_particles2SNR_c1/train/10um/HFocusing_5_10_10um_0_108.npy,10um,0,13285,16384,3099,3098,2000000.0,7000.0,80000.0,500,0.0001,bandpass_derivative_flat_run
HFocusing_5_10_10um_0_1083.npy,P0/data/dataset_particles2SNR_c1/train/10um/HFocusing_5_10_10um_0_1083.npy,10um,0,9387,13021,3634,3633,2000000.0,7000.0,80000.0,500,0.0001,bandpass_derivative_flat_run
HFocusing_5_10_10um_0_1087.npy,P0/data/dataset_particles2SNR_c1/train/10um/HFocusing_5_10_10um_0_1087.npy,10um,0,11051,12578,1527,1526,2000000.0,7000.0,80000.0,500,0.0001,bandpass_derivative_flat_run
HFocusing_5_10_10um_0_1094.npy,P0/data/dataset_particles2SNR_c1/train/10um/HFocusing_5_10_10um_0_1094.npy,10um,0,10846,13356,2510,2509,2000000.0,7000.0,80000.0,500,0.0001,bandpass_derivative_flat_run
HFocusing_5_10_10um_0_1098.npy,P0/data/dataset_particles2SNR_c1/train/10um/HFocusing_5_10_10um_0_1098.npy,10um,0,3016,7175,4159,4158,2000000.0,7000.0,80000.0,500,0.0001,bandpass_derivative_flat_run
HFocusing_5_10_10um_0_1110.npy,P0/data/dataset_particles2SNR_c1/train/10um/HFocusing_5_10_10um_0_1110.npy,10um,0,0,1643,1643,1642,2000000.0,7000.0,80000.0,500,0.0001,bandpass_derivative_flat_run
HFocusing_5_10_10um_0_1111.npy,P0/data/dataset_particles2SNR_c1/train/10um/HFocusing_5_10_10um_0_1111.npy,10um,0,0,958,958,957,2000000.0,7000.0,80000.0,500,0.0001,bandpass_derivative_flat_run
HFocusing_5_10_10um_0_112.npy,P0/data/dataset_particles2SNR_c1/train/10um/HFocusing_5_10_10um_0_112.npy,10um,0,14633,16384,1751,1750,2000000.0,7000.0,80000.0,500,0.0001,bandpass_derivative_flat_run
HFocusing_5_10_10um_0_1133.npy,P0/data/dataset_particles2SNR_c1/train/10um/HFocusing_5_10_10um_0_1133.npy,10um,0,4727,7205,2478,2477,2000000.0,7000.0,80000.0,500,0.0001,bandpass_derivative_flat_run
HFocusing_5_10_10um_0_1142.npy,P0/data/dataset_particles2SNR_c1/train/10um/HFocusing_5_10_10um_0_1142.npy,10um,0,5696,8750,3054,3053,2000000.0,7000.0,80000.0,500,0.0001,bandpass_derivative_flat_run
HFocusing_5_10_10um_0_1148.npy,P0/data/dataset_particles2SNR_c1/train/10um/HFocusing_5_10_10um_0_1148.npy,10um,0,7307,10177,2870,2869,2000000.0,7000.0,80000.0,500,0.0001,bandpass_derivative_flat_run
HFocusing_5_10_10um_0_1154.npy,P0/data/dataset_particles2SNR_c1/train/10um/HFocusing_5_10_10um_0_1154.npy,10um,0,613,4014,3401,3400,2000000.0,7000.0,80000.0,500,0.0001,bandpass_derivative_flat_run
HFocusing_5_10_10um_0_1161.npy,P0/data/dataset_particles2SNR_c1/train/10um/HFocusing_5_10_10um_0_1161.npy,10um,0,500,3743,3243,3242,2000000.0,7000.0,80000.0,500,0.0001,bandpass_derivative_flat_run
HFocusing_5_10_10um_0_1167.npy,P0/data/dataset_particles2SNR_c1/train/10um/HFocusing_5_10_10um_0_1167.npy,10um,0,0,2462,2462,2461,2000000.0,7000.0,80000.0,500,0.0001,bandpass_derivative_flat_run
HFocusing_5_10_10um_0_1168.npy,P0/data/dataset_particles2SNR_c1/train/10um/HFocusing_5_10_10um_0_1168.npy,10um,0,5692,7177,1485,1484,2000000.0,7000.0,80000.0,500,0.0001,bandpass_derivative_flat_run
HFocusing_5_10_10um_0_1171.npy,P0/data/dataset_particles2SNR_c1/train/10um/HFocusing_5_10_10um_0_1171.npy,10um,0,4753,7024,2271,2270,2000000.0,7000.0,80000.0,500,0.0001,bandpass_derivative_flat_run
HFocusing_5_10_10um_0_1177.npy,P0/data/dataset_particles2SNR_c1/train/10um/HFocusing_5_10_10um_0_1177.npy,10um,0,6729,10429,3700,3699,2000000.0,7000.0,80000.0,500,0.0001,bandpass_derivative_flat_run
HFocusing_5_10_10um_0_1184.npy,P0/data/dataset_particles2SNR_c1/train/10um/HFocusing_5_10_10um_0_1184.npy,10um,0,9066,9922,856,855,2000000.0,7000.0,80000.0,500,0.0001,bandpass_derivative_flat_run
HFocusing_5_10_10um_0_119.npy,P0/data/dataset_particles2SNR_c1/train/10um/HFocusing_5_10_10um_0_119.npy,10um,0,0,872,872,871,2000000.0,7000.0,80000.0,500,0.0001,bandpass_derivative_flat_run
HFocusing_5_10_10um_0_1191.npy,P0/data/dataset_particles2SNR_c1/train/10um/HFocusing_5_10_10um_0_1191.npy,10um,0,36,1295,1259,1258,2000000.0,7000.0,80000.0,500,0.0001,bandpass_derivative_flat_run
HFocusing_5_10_10um_0_1191.npy,P0/data/dataset_particles2SNR_c1/train/10um/HFocusing_5_10_10um_0_1191.npy,10um,1,11412,14718,3306,3305,2000000.0,7000.0,80000.0,500,0.0001,bandpass_derivative_flat_run
HFocusing_5_10_10um_0_1204.npy,P0/data/dataset_particles2SNR_c1/train/10um/HFocusing_5_10_10um_0_1204.npy,10um,0,15111,16384,1273,1272,2000000.0,7000.0,80000.0,500,0.0001,bandpass_derivative_flat_run
HFocusing_5_10_10um_0_1210.npy,P0/data/dataset_particles2SNR_c1/train/10um/HFocusing_5_10_10um_0_1210.npy,10um,0,8258,10669,2411,2410,2000000.0,7000.0,80000.0,500,0.0001,bandpass_derivative_flat_run
HFocusing_5_10_10um_0_1215.npy,P0/data/dataset_particles2SNR_c1/train/10um/HFocusing_5_10_10um_0_1215.npy,10um,0,1679,4395,2716,2715,2000000.0,7000.0,80000.0,500,0.0001,bandpass_derivative_flat_run
HFocusing_5_10_10um_0_1216.npy,P0/data/dataset_particles2SNR_c1/train/10um/HFocusing_5_10_10um_0_1216.npy,10um,0,4650,5770,1120,1119,2000000.0,7000.0,80000.0,500,0.0001,bandpass_derivative_flat_run
HFocusing_5_10_10um_0_1228.npy,P0/data/dataset_particles2SNR_c1/train/10um/HFocusing_5_10_10um_0_1228.npy,10um,0,7541,10849,3308,3307,2000000.0,7000.0,80000.0,500,0.0001,bandpass_derivative_flat_run
HFocusing_5_10_10um_0_1244.npy,P0/data/dataset_particles2SNR_c1/train/10um/HFocusing_5_10_10um_0_1244.npy,10um,0,9933,13736,3803,3802,2000000.0,7000.0,80000.0,500,0.0001,bandpass_derivative_flat_run
HFocusing_5_10_10um_0_1261.npy,P0/data/dataset_particles2SNR_c1/train/10um/HFocusing_5_10_10um_0_1261.npy,10um,0,1109,4937,3828,3827,2000000.0,7000.0,80000.0,500,0.0001,bandpass_derivative_flat_run
HFocusing_5_10_10um_0_1275.npy,P0/data/dataset_particles2SNR_c1/train/10um/HFocusing_5_10_10um_0_1275.npy,10um,0,4799,8325,3526,3525,2000000.0,7000.0,80000.0,500,0.0001,bandpass_derivative_flat_run
HFocusing_5_10_10um_0_1279.npy,P0/data/dataset_particles2SNR_c1/train/10um/HFocusing_5_10_10um_0_1279.npy,10um,0,4524,8144,3620,3619,2000000.0,7000.0,80000.0,500,0.0001,bandpass_derivative_flat_run
HFocusing_5_10_10um_0_129.npy,P0/data/dataset_particles2SNR_c1/train/10um/HFocusing_5_10_10um_0_129.npy,10um,0,0,1272,1272,1271,2000000.0,7000.0,80000.0,500,0.0001,bandpass_derivative_flat_run
HFocusing_5_10_10um_0_1315.npy,P0/data/dataset_particles2SNR_c1/train/10um/HFocusing_5_10_10um_0_1315.npy,10um,0,15787,16384,597,596,2000000.0,7000.0,80000.0,500,0.0001,bandpass_derivative_flat_run
HFocusing_5_10_10um_0_1328.npy,P0/data/dataset_particles2SNR_c1/train/10um/HFocusing_5_10_10um_0_1328.npy,10um,0,0,2281,2281,2280,2000000.0,7000.0,80000.0,500,0.0001,bandpass_derivative_flat_run
HFocusing_5_10_10um_0_1331.npy,P0/data/dataset_particles2SNR_c1/train/10um/HFocusing_5_10_10um_0_1331.npy,10um,0,4418,6990,2572,2571,2000000.0,7000.0,80000.0,500,0.0001,bandpass_derivative_flat_run
HFocusing_5_10_10um_0_1346.npy,P0/data/dataset_particles2SNR_c1/train/10um/HFocusing_5_10_10um_0_1346.npy,10um,0,0,2055,2055,2054,2000000.0,7000.0,80000.0,500,0.0001,bandpass_derivative_flat_run
HFocusing_5_10_10um_0_1347.npy,P0/data/dataset_particles2SNR_c1/train/10um/HFocusing_5_10_10um_0_1347.npy,10um,0,8742,12276,3534,3533,2000000.0,7000.0,80000.0,500,0.0001,bandpass_derivative_flat_run
HFocusing_5_10_10um_0_1366.npy,P0/data/dataset_particles2SNR_c1/train/10um/HFocusing_5_10_10um_0_1366.npy,10um,0,13545,16384,2839,2838,2000000.0,7000.0,80000.0,500,0.0001,bandpass_derivative_flat_run
HFocusing_5_10_10um_0_1371.npy,P0/data/dataset_particles2SNR_c1/train/10um/HFocusing_5_10_10um_0_1371.npy,10um,0,11070,14214,3144,3143,2000000.0,7000.0,80000.0,500,0.0001,bandpass_derivative_flat_run
HFocusing_5_10_10um_0_1372.npy,P0/data/dataset_particles2SNR_c1/train/10um/HFocusing_5_10_10um_0_1372.npy,10um,0,2049,4596,2547,2546,2000000.0,7000.0,80000.0,500,0.0001,bandpass_derivative_flat_run
HFocusing_5_10_10um_0_1376.npy,P0/data/dataset_particles2SNR_c1/train/10um/HFocusing_5_10_10um_0_1376.npy,10um,0,9923,13123,3200,3199,2000000.0,7000.0,80000.0,500,0.0001,bandpass_derivative_flat_run
HFocusing_5_10_10um_0_1392.npy,P0/data/dataset_particles2SNR_c1/train/10um/HFocusing_5_10_10um_0_1392.npy,10um,0,14067,16384,2317,2316,2000000.0,7000.0,80000.0,500,0.0001,bandpass_derivative_flat_run
HFocusing_5_10_10um_0_1393.npy,P0/data/dataset_particles2SNR_c1/train/10um/HFocusing_5_10_10um_0_1393.npy,10um,0,0,2922,2922,2921,2000000.0,7000.0,80000.0,500,0.0001,bandpass_derivative_flat_run
HFocusing_5_10_10um_0_14.npy,P0/data/dataset_particles2SNR_c1/train/10um/HFocusing_5_10_10um_0_14.npy,10um,0,7795,11183,3388,3387,2000000.0,7000.0,80000.0,500,0.0001,bandpass_derivative_flat_run
HFocusing_5_10_10um_0_140.npy,P0/data/dataset_particles2SNR_c1/train/10um/HFocusing_5_10_10um_0_140.npy,10um,0,8098,11091,2993,2992,2000000.0,7000.0,80000.0,500,0.0001,bandpass_derivative_flat_run
HFocusing_5_10_10um_0_141.npy,P0/data/dataset_particles2SNR_c1/train/10um/HFocusing_5_10_10um_0_141.npy,10um,0,12244,14973,2729,2728,2000000.0,7000.0,80000.0,500,0.0001,bandpass_derivative_flat_run
HFocusing_5_10_10um_0_1414.npy,P0/data/dataset_particles2SNR_c1/train/10um/HFocusing_5_10_10um_0_1414.npy,10um,0,8644,10509,1865,1864,2000000.0,7000.0,80000.0,500,0.0001,bandpass_derivative_flat_run
HFocusing_5_10_10um_0_1424.npy,P0/data/dataset_particles2SNR_c1/train/10um/HFocusing_5_10_10um_0_1424.npy,10um,0,15127,16384,1257,1256,2000000.0,7000.0,80000.0,500,0.0001,bandpass_derivative_flat_run
HFocusing_5_10_10um_0_1430.npy,P0/data/dataset_particles2SNR_c1/train/10um/HFocusing_5_10_10um_0_1430.npy,10um,0,15125,16384,1259,1258,2000000.0,7000.0,80000.0,500,0.0001,bandpass_derivative_flat_run
HFocusing_5_10_10um_0_1431.npy,P0/data/dataset_particles2SNR_c1/train/10um/HFocusing_5_10_10um_0_1431.npy,10um,0,2300,3282,982,981,2000000.0,7000.0,80000.0,500,0.0001,bandpass_derivative_flat_run
HFocusing_5_10_10um_0_1431.npy,P0/data/dataset_particles2SNR_c1/train/10um/HFocusing_5_10_10um_0_1431.npy,10um,1,12831,15142,2311,2310,2000000.0,7000.0,80000.0,500,0.0001,bandpass_derivative_flat_run
HFocusing_5_10_10um_0_1439.npy,P0/data/dataset_particles2SNR_c1/train/10um/HFocusing_5_10_10um_0_1439.npy,10um,0,2938,5767,2829,2828,2000000.0,7000.0,80000.0,500,0.0001,bandpass_derivative_flat_run
HFocusing_5_10_10um_0_1452.npy,P0/data/dataset_particles2SNR_c1/train/10um/HFocusing_5_10_10um_0_1452.npy,10um,0,12455,14195,1740,1739,2000000.0,7000.0,80000.0,500,0.0001,bandpass_derivative_flat_run
HFocusing_5_10_10um_0_1472.npy,P0/data/dataset_particles2SNR_c1/train/10um/HFocusing_5_10_10um_0_1472.npy,10um,0,5968,7145,1177,1176,2000000.0,7000.0,80000.0,500,0.0001,bandpass_derivative_flat_run
HFocusing_5_10_10um_0_1485.npy,P0/data/dataset_particles2SNR_c1/train/10um/HFocusing_5_10_10um_0_1485.npy,10um,0,2941,4853,1912,1911,2000000.0,7000.0,80000.0,500,0.0001,bandpass_derivative_flat_run
HFocusing_5_10_10um_0_1493.npy,P0/data/dataset_particles2SNR_c1/train/10um/HFocusing_5_10_10um_0_1493.npy,10um,0,13065,15097,2032,2031,2000000.0,7000.0,80000.0,500,0.0001,bandpass_derivative_flat_run
HFocusing_5_10_10um_0_15.npy,P0/data/dataset_particles2SNR_c1/train/10um/HFocusing_5_10_10um_0_15.npy,10um,0,7589,11719,4130,4129,2000000.0,7000.0,80000.0,500,0.0001,bandpass_derivative_flat_run
HFocusing_5_10_10um_0_1500.npy,P0/data/dataset_particles2SNR_c1/train/10um/HFocusing_5_10_10um_0_1500.npy,10um,0,2162,4586,2424,2423,2000000.0,7000.0,80000.0,500,0.0001,bandpass_derivative_flat_run
HFocusing_5_10_10um_0_1508.npy,P0/data/dataset_particles2SNR_c1/train/10um/HFocusing_5_10_10um_0_1508.npy,10um,0,8328,9713,1385,1384,2000000.0,7000.0,80000.0,500,0.0001,bandpass_derivative_flat_run
HFocusing_5_10_10um_0_1510.npy,P0/data/dataset_particles2SNR_c1/train/10um/HFocusing_5_10_10um_0_1510.npy,10um,0,0,2453,2453,2452,2000000.0,7000.0,80000.0,500,0.0001,bandpass_derivative_flat_run
HFocusing_5_10_10um_0_1526.npy,P0/data/dataset_particles2SNR_c1/train/10um/HFocusing_5_10_10um_0_1526.npy,10um,0,1726,4386,2660,2659,2000000.0,7000.0,80000.0,500,0.0001,bandpass_derivative_flat_run
HFocusing_5_10_10um_0_1532.npy,P0/data/dataset_particles2SNR_c1/train/10um/HFocusing_5_10_10um_0_1532.npy,10um,0,14282,16384,2102,2101,2000000.0,7000.0,80000.0,500,0.0001,bandpass_derivative_flat_run
HFocusing_5_10_10um_0_1533.npy,P0/data/dataset_particles2SNR_c1/train/10um/HFocusing_5_10_10um_0_1533.npy,10um,0,10685,12203,1518,1517,2000000.0,7000.0,80000.0,500,0.0001,bandpass_derivative_flat_run
HFocusing_5_10_10um_0_1568.npy,P0/data/dataset_particles2SNR_c1/train/10um/HFocusing_5_10_10um_0_1568.npy,10um,0,7061,10477,3416,3415,2000000.0,7000.0,80000.0,500,0.0001,bandpass_derivative_flat_run
HFocusing_5_10_10um_0_1578.npy,P0/data/dataset_particles2SNR_c1/train/10um/HFocusing_5_10_10um_0_1578.npy,10um,0,2318,6138,3820,3819,2000000.0,7000.0,80000.0,500,0.0001,bandpass_derivative_flat_run
HFocusing_5_10_10um_0_1579.npy,P0/data/dataset_particles2SNR_c1/train/10um/HFocusing_5_10_10um_0_1579.npy,10um,0,2642,3217,575,574,2000000.0,7000.0,80000.0,500,0.0001,bandpass_derivative_flat_run
HFocusing_5_10_10um_0_1579.npy,P0/data/dataset_particles2SNR_c1/train/10um/HFocusing_5_10_10um_0_1579.npy,10um,1,10277,12196,1919,1918,2000000.0,7000.0,80000.0,500,0.0001,bandpass_derivative_flat_run
HFocusing_5_10_10um_0_1593.npy,P0/data/dataset_particles2SNR_c1/train/10um/HFocusing_5_10_10um_0_1593.npy,10um,0,4757,7922,3165,3164,2000000.0,7000.0,80000.0,500,0.0001,bandpass_derivative_flat_run
HFocusing_5_10_10um_0_1597.npy,P0/data/dataset_particles2SNR_c1/train/10um/HFocusing_5_10_10um_0_1597.npy,10um,0,3000,6939,3939,3938,2000000.0,7000.0,80000.0,500,0.0001,bandpass_derivative_flat_run
HFocusing_5_10_10um_0_1610.npy,P0/data/dataset_particles2SNR_c1/train/10um/HFocusing_5_10_10um_0_1610.npy,10um,0,0,778,778,777,2000000.0,7000.0,80000.0,500,0.0001,bandpass_derivative_flat_run
HFocusing_5_10_10um_0_1611.npy,P0/data/dataset_particles2SNR_c1/train/10um/HFocusing_5_10_10um_0_1611.npy,10um,0,0,2429,2429,2428,2000000.0,7000.0,80000.0,500,0.0001,bandpass_derivative_flat_run
HFocusing_5_10_10um_0_1614.npy,P0/data/dataset_particles2SNR_c1/train/10um/HFocusing_5_10_10um_0_1614.npy,10um,0,7849,11701,3852,3851,2000000.0,7000.0,80000.0,500,0.0001,bandpass_derivative_flat_run
HFocusing_5_10_10um_0_1627.npy,P0/data/dataset_particles2SNR_c1/train/10um/HFocusing_5_10_10um_0_1627.npy,10um,0,14682,16384,1702,1701,2000000.0,7000.0,80000.0,500,0.0001,bandpass_derivative_flat_run
HFocusing_5_10_10um_0_163.npy,P0/data/dataset_particles2SNR_c1/train/10um/HFocusing_5_10_10um_0_163.npy,10um,0,7616,10958,3342,3341,2000000.0,7000.0,80000.0,500,0.0001,bandpass_derivative_flat_run
HFocusing_5_10_10um_0_1641.npy,P0/data/dataset_particles2SNR_c1/train/10um/HFocusing_5_10_10um_0_1641.npy,10um,0,6918,9833,2915,2914,2000000.0,7000.0,80000.0,500,0.0001,bandpass_derivative_flat_run
HFocusing_5_10_10um_0_1643.npy,P0/data/dataset_particles2SNR_c1/train/10um/HFocusing_5_10_10um_0_1643.npy,10um,0,7754,11072,3318,3317,2000000.0,7000.0,80000.0,500,0.0001,bandpass_derivative_flat_run
HFocusing_5_10_10um_0_1664.npy,P0/data/dataset_particles2SNR_c1/train/10um/HFocusing_5_10_10um_0_1664.npy,10um,0,11349,14935,3586,3585,2000000.0,7000.0,80000.0,500,0.0001,bandpass_derivative_flat_run
HFocusing_5_10_10um_0_1683.npy,P0/data/dataset_particles2SNR_c1/train/10um/HFocusing_5_10_10um_0_1683.npy,10um,0,3651,7617,3966,3965,2000000.0,7000.0,80000.0,500,0.0001,bandpass_derivative_flat_run
HFocusing_5_10_10um_0_1684.npy,P0/data/dataset_particles2SNR_c1/train/10um/HFocusing_5_10_10um_0_1684.npy,10um,0,9367,13325,3958,3957,2000000.0,7000.0,80000.0,500,0.0001,bandpass_derivative_flat_run
HFocusing_5_10_10um_0_1724.npy,P0/data/dataset_particles2SNR_c1/train/10um/HFocusing_5_10_10um_0_1724.npy,10um,0,0,802,802,801,2000000.0,7000.0,80000.0,500,0.0001,bandpass_derivative_flat_run
HFocusing_5_10_10um_0_1727.npy,P0/data/dataset_particles2SNR_c1/train/10um/HFocusing_5_10_10um_0_1727.npy,10um,0,14072,16384,2312,2311,2000000.0,7000.0,80000.0,500,0.0001,bandpass_derivative_flat_run
HFocusing_5_10_10um_0_1730.npy,P0/data/dataset_particles2SNR_c1/train/10um/HFocusing_5_10_10um_0_1730.npy,10um,0,10712,12880,2168,2167,2000000.0,7000.0,80000.0,500,0.0001,bandpass_derivative_flat_run
HFocusing_5_10_10um_0_1733.npy,P0/data/dataset_particles2SNR_c1/train/10um/HFocusing_5_10_10um_0_1733.npy,10um,0,6998,10675,3677,3676,2000000.0,7000.0,80000.0,500,0.0001,bandpass_derivative_flat_run
HFocusing_5_10_10um_0_1746.npy,P0/data/dataset_particles2SNR_c1/train/10um/HFocusing_5_10_10um_0_1746.npy,10um,0,0,2417,2417,2416,2000000.0,7000.0,80000.0,500,0.0001,bandpass_derivative_flat_run
HFocusing_5_10_10um_0_175.npy,P0/data/dataset_particles2SNR_c1/train/10um/HFocusing_5_10_10um_0_175.npy,10um,0,14565,16189,1624,1623,2000000.0,7000.0,80000.0,500,0.0001,bandpass_derivative_flat_run
HFocusing_5_10_10um_0_176.npy,P0/data/dataset_particles2SNR_c1/train/10um/HFocusing_5_10_10um_0_176.npy,10um,0,9152,10627,1475,1474,2000000.0,7000.0,80000.0,500,0.0001,bandpass_derivative_flat_run
HFocusing_5_10_10um_0_1760.npy,P0/data/dataset_particles2SNR_c1/train/10um/HFocusing_5_10_10um_0_1760.npy,10um,0,14724,16384,1660,1659,2000000.0,7000.0,80000.0,500,0.0001,bandpass_derivative_flat_run
HFocusing_5_10_10um_0_1766.npy,P0/data/dataset_particles2SNR_c1/train/10um/HFocusing_5_10_10um_0_1766.npy,10um,0,5310,6507,1197,1196,2000000.0,7000.0,80000.0,500,0.0001,bandpass_derivative_flat_run
HFocusing_5_10_10um_0_1766.npy,P0/data/dataset_particles2SNR_c1/train/10um/HFocusing_5_10_10um_0_1766.npy,10um,1,14819,16384,1565,1564,2000000.0,7000.0,80000.0,500,0.0001,bandpass_derivative_flat_run
HFocusing_5_10_10um_0_1768.npy,P0/data/dataset_particles2SNR_c1/train/10um/HFocusing_5_10_10um_0_1768.npy,10um,0,0,2372,2372,2371,2000000.0,7000.0,80000.0,500,0.0001,bandpass_derivative_flat_run
HFocusing_5_10_10um_0_1778.npy,P0/data/dataset_particles2SNR_c1/train/10um/HFocusing_5_10_10um_0_1778.npy,10um,0,14434,16290,1856,1855,2000000.0,7000.0,80000.0,500,0.0001,bandpass_derivative_flat_run
HFocusing_5_10_10um_0_1779.npy,P0/data/dataset_particles2SNR_c1/train/10um/HFocusing_5_10_10um_0_1779.npy,10um,0,10681,12422,1741,1740,2000000.0,7000.0,80000.0,500,0.0001,bandpass_derivative_flat_run
HFocusing_5_10_10um_0_1782.npy,P0/data/dataset_particles2SNR_c1/train/10um/HFocusing_5_10_10um_0_1782.npy,10um,0,10136,13498,3362,3361,2000000.0,7000.0,80000.0,500,0.0001,bandpass_derivative_flat_run
HFocusing_5_10_10um_0_1783.npy,P0/data/dataset_particles2SNR_c1/train/10um/HFocusing_5_10_10um_0_1783.npy,10um,0,13528,16291,2763,2762,2000000.0,7000.0,80000.0,500,0.0001,bandpass_derivative_flat_run
HFocusing_5_10_10um_0_1786.npy,P0/data/dataset_particles2SNR_c1/train/10um/HFocusing_5_10_10um_0_1786.npy,10um,0,9794,13347,3553,3552,2000000.0,7000.0,80000.0,500,0.0001,bandpass_derivative_flat_run
HFocusing_5_10_10um_0_1791.npy,P0/data/dataset_particles2SNR_c1/train/10um/HFocusing_5_10_10um_0_1791.npy,10um,0,0,4237,4237,4236,2000000.0,7000.0,80000.0,500,0.0001,bandpass_derivative_flat_run
HFocusing_5_10_10um_0_1797.npy,P0/data/dataset_particles2SNR_c1/train/10um/HFocusing_5_10_10um_0_1797.npy,10um,0,8802,11295,2493,2492,2000000.0,7000.0,80000.0,500,0.0001,bandpass_derivative_flat_run
HFocusing_5_10_10um_0_1802.npy,P0/data/dataset_particles2SNR_c1/train/10um/HFocusing_5_10_10um_0_1802.npy,10um,0,0,885,885,884,2000000.0,7000.0,80000.0,500,0.0001,bandpass_derivative_flat_run
HFocusing_5_10_10um_0_1802.npy,P0/data/dataset_particles2SNR_c1/train/10um/HFocusing_5_10_10um_0_1802.npy,10um,1,14273,16384,2111,2110,2000000.0,7000.0,80000.0,500,0.0001,bandpass_derivative_flat_run
HFocusing_5_10_10um_0_182.npy,P0/data/dataset_particles2SNR_c1/train/10um/HFocusing_5_10_10um_0_182.npy,10um,0,12207,14117,1910,1909,2000000.0,7000.0,80000.0,500,0.0001,bandpass_derivative_flat_run
HFocusing_5_10_10um_0_1850.npy,P0/data/dataset_particles2SNR_c1/train/10um/HFocusing_5_10_10um_0_1850.npy,10um,0,8160,11585,3425,3424,2000000.0,7000.0,80000.0,500,0.0001,bandpass_derivative_flat_run
HFocusing_5_10_10um_0_1853.npy,P0/data/dataset_particles2SNR_c1/train/10um/HFocusing_5_10_10um_0_1853.npy,10um,0,8807,12620,3813,3812,2000000.0,7000.0,80000.0,500,0.0001,bandpass_derivative_flat_run
HFocusing_5_10_10um_0_1866.npy,P0/data/dataset_particles2SNR_c1/train/10um/HFocusing_5_10_10um_0_1866.npy,10um,0,1076,3300,2224,2223,2000000.0,7000.0,80000.0,500,0.0001,bandpass_derivative_flat_run
HFocusing_5_10_10um_0_1870.npy,P0/data/dataset_particles2SNR_c1/train/10um/HFocusing_5_10_10um_0_1870.npy,10um,0,8688,12845,4157,4156,2000000.0,7000.0,80000.0,500,0.0001,bandpass_derivative_flat_run
HFocusing_5_10_10um_0_1875.npy,P0/data/dataset_particles2SNR_c1/train/10um/HFocusing_5_10_10um_0_1875.npy,10um,0,4699,7663,2964,2963,2000000.0,7000.0,80000.0,500,0.0001,bandpass_derivative_flat_run
HFocusing_5_10_10um_0_1886.npy,P0/data/dataset_particles2SNR_c1/train/10um/HFocusing_5_10_10um_0_1886.npy,10um,0,7814,10949,3135,3134,2000000.0,7000.0,80000.0,500,0.0001,bandpass_derivative_flat_run
HFocusing_5_10_10um_0_1891.npy,P0/data/dataset_particles2SNR_c1/train/10um/HFocusing_5_10_10um_0_1891.npy,10um,0,542,3732,3190,3189,2000000.0,7000.0,80000.0,500,0.0001,bandpass_derivative_flat_run
HFocusing_5_10_10um_0_1895.npy,P0/data/dataset_particles2SNR_c1/train/10um/HFocusing_5_10_10um_0_1895.npy,10um,0,3044,7271,4227,4226,2000000.0,7000.0,80000.0,500,0.0001,bandpass_derivative_flat_run
HFocusing_5_10_10um_0_1903.npy,P0/data/dataset_particles2SNR_c1/train/10um/HFocusing_5_10_10um_0_1903.npy,10um,0,6027,10316,4289,4288,2000000.0,7000.0,80000.0,500,0.0001,bandpass_derivative_flat_run
HFocusing_5_10_10um_0_1915.npy,P0/data/dataset_particles2SNR_c1/train/10um/HFocusing_5_10_10um_0_1915.npy,10um,0,4658,9601,4943,4942,2000000.0,7000.0,80000.0,500,0.0001,bandpass_derivative_flat_run
HFocusing_5_10_10um_0_192.npy,P0/data/dataset_particles2SNR_c1/train/10um/HFocusing_5_10_10um_0_192.npy,10um,0,0,1039,1039,1038,2000000.0,7000.0,80000.0,500,0.0001,bandpass_derivative_flat_run
HFocusing_5_10_10um_0_1944.npy,P0/data/dataset_particles2SNR_c1/train/10um/HFocusing_5_10_10um_0_1944.npy,10um,0,0,614,614,613,2000000.0,7000.0,80000.0,500,0.0001,bandpass_derivative_flat_run
HFocusing_5_10_10um_0_1948.npy,P0/data/dataset_particles2SNR_c1/train/10um/HFocusing_5_10_10um_0_1948.npy,10um,0,6450,10404,3954,3953,2000000.0,7000.0,80000.0,500,0.0001,bandpass_derivative_flat_run
HFocusing_5_10_10um_0_1951.npy,P0/data/dataset_particles2SNR_c1/train/10um/HFocusing_5_10_10um_0_1951.npy,10um,0,12500,15674,3174,3173,2000000.0,7000.0,80000.0,500,0.0001,bandpass_derivative_flat_run
HFocusing_5_10_10um_0_199.npy,P0/data/dataset_particles2SNR_c1/train/10um/HFocusing_5_10_10um_0_199.npy,10um,0,0,819,819,818,2000000.0,7000.0,80000.0,500,0.0001,bandpass_derivative_flat_run
HFocusing_5_10_10um_0_199.npy,P0/data/dataset_particles2SNR_c1/train/10um/HFocusing_5_10_10um_0_199.npy,10um,1,13093,15377,2284,2283,2000000.0,7000.0,80000.0,500,0.0001,bandpass_derivative_flat_run
HFocusing_5_10_10um_0_1994.npy,P0/data/dataset_particles2SNR_c1/train/10um/HFocusing_5_10_10um_0_1994.npy,10um,0,15391,16384,993,992,2000000.0,7000.0,80000.0,500,0.0001,bandpass_derivative_flat_run
HFocusing_5_10_10um_0_2017.npy,P0/data/dataset_particles2SNR_c1/train/10um/HFocusing_5_10_10um_0_2017.npy,10um,0,7198,11780,4582,4581,2000000.0,7000.0,80000.0,500,0.0001,bandpass_derivative_flat_run
HFocusing_5_10_10um_0_2023.npy,P0/data/dataset_particles2SNR_c1/train/10um/HFocusing_5_10_10um_0_2023.npy,10um,0,15373,16384,1011,1010,2000000.0,7000.0,80000.0,500,0.0001,bandpass_derivative_flat_run
HFocusing_5_10_10um_0_2037.npy,P0/data/dataset_particles2SNR_c1/train/10um/HFocusing_5_10_10um_0_2037.npy,10um,0,9058,13796,4738,4737,2000000.0,7000.0,80000.0,500,0.0001,bandpass_derivative_flat_run
HFocusing_5_10_10um_0_204.npy,P0/data/dataset_particles2SNR_c1/train/10um/HFocusing_5_10_10um_0_204.npy,10um,0,0,817,817,816,2000000.0,7000.0,80000.0,500,0.0001,bandpass_derivative_flat_run
HFocusing_5_10_10um_0_2050.npy,P0/data/dataset_particles2SNR_c1/train/10um/HFocusing_5_10_10um_0_2050.npy,10um,0,0,3141,3141,3140,2000000.0,7000.0,80000.0,500,0.0001,bandpass_derivative_flat_run
HFocusing_5_10_10um_0_2070.npy,P0/data/dataset_particles2SNR_c1/train/10um/HFocusing_5_10_10um_0_2070.npy,10um,0,0,1122,1122,1121,2000000.0,7000.0,80000.0,500,0.0001,bandpass_derivative_flat_run
HFocusing_5_10_10um_0_2071.npy,P0/data/dataset_particles2SNR_c1/train/10um/HFocusing_5_10_10um_0_2071.npy,10um,0,4695,9438,4743,4742,2000000.0,7000.0,80000.0,500,0.0001,bandpass_derivative_flat_run
HFocusing_5_10_10um_0_2074.npy,P0/data/dataset_particles2SNR_c1/train/10um/HFocusing_5_10_10um_0_2074.npy,10um,0,11960,16150,4190,4189,2000000.0,7000.0,80000.0,500,0.0001,bandpass_derivative_flat_run
HFocusing_5_10_10um_0_2087.npy,P0/data/dataset_particles2SNR_c1/train/10um/HFocusing_5_10_10um_0_2087.npy,10um,0,9649,14396,4747,4746,2000000.0,7000.0,80000.0,500,0.0001,bandpass_derivative_flat_run
HFocusing_5_10_10um_0_210.npy,P0/data/dataset_particles2SNR_c1/train/10um/HFocusing_5_10_10um_0_210.npy,10um,0,0,1309,1309,1308,2000000.0,7000.0,80000.0,500,0.0001,bandpass_derivative_flat_run
HFocusing_5_10_10um_0_2106.npy,P0/data/dataset_particles2SNR_c1/train/10um/HFocusing_5_10_10um_0_2106.npy,10um,0,10903,12936,2033,2032,2000000.0,7000.0,80000.0,500,0.0001,bandpass_derivative_flat_run
HFocusing_5_10_10um_0_221.npy,P0/data/dataset_particles2SNR_c1/train/10um/HFocusing_5_10_10um_0_221.npy,10um,0,5705,7619,1914,1913,2000000.0,7000.0,80000.0,500,0.0001,bandpass_derivative_flat_run
HFocusing_5_10_10um_0_23.npy,P0/data/dataset_particles2SNR_c1/train/10um/HFocusing_5_10_10um_0_23.npy,10um,0,15266,16384,1118,1117,2000000.0,7000.0,80000.0,500,0.0001,bandpass_derivative_flat_run
HFocusing_5_10_10um_0_230.npy,P0/data/dataset_particles2SNR_c1/train/10um/HFocusing_5_10_10um_0_230.npy,10um,0,14991,16384,1393,1392,2000000.0,7000.0,80000.0,500,0.0001,bandpass_derivative_flat_run
HFocusing_5_10_10um_0_232.npy,P0/data/dataset_particles2SNR_c1/train/10um/HFocusing_5_10_10um_0_232.npy,10um,0,0,1560,1560,1559,2000000.0,7000.0,80000.0,500,0.0001,bandpass_derivative_flat_run
HFocusing_5_10_10um_0_255.npy,P0/data/dataset_particles2SNR_c1/train/10um/HFocusing_5_10_10um_0_255.npy,10um,0,13850,16384,2534,2533,2000000.0,7000.0,80000.0,500,0.0001,bandpass_derivative_flat_run
HFocusing_5_10_10um_0_30.npy,P0/data/dataset_particles2SNR_c1/train/10um/HFocusing_5_10_10um_0_30.npy,10um,0,0,2825,2825,2824,2000000.0,7000.0,80000.0,500,0.0001,bandpass_derivative_flat_run
HFocusing_5_10_10um_0_304.npy,P0/data/dataset_particles2SNR_c1/train/10um/HFocusing_5_10_10um_0_304.npy,10um,0,11156,12390,1234,1233,2000000.0,7000.0,80000.0,500,0.0001,bandpass_derivative_flat_run
HFocusing_5_10_10um_0_32.npy,P0/data/dataset_particles2SNR_c1/train/10um/HFocusing_5_10_10um_0_32.npy,10um,0,636,5649,5013,5012,2000000.0,7000.0,80000.0,500,0.0001,bandpass_derivative_flat_run
HFocusing_5_10_10um_0_329.npy,P0/data/dataset_particles2SNR_c1/train/10um/HFocusing_5_10_10um_0_329.npy,10um,0,5415,8918,3503,3502,2000000.0,7000.0,80000.0,500,0.0001,bandpass_derivative_flat_run
HFocusing_5_10_10um_0_340.npy,P0/data/dataset_particles2SNR_c1/train/10um/HFocusing_5_10_10um_0_340.npy,10um,0,6718,9954,3236,3235,2000000.0,7000.0,80000.0,500,0.0001,bandpass_derivative_flat_run
HFocusing_5_10_10um_0_361.npy,P0/data/dataset_particles2SNR_c1/train/10um/HFocusing_5_10_10um_0_361.npy,10um,0,4461,6965,2504,2503,2000000.0,7000.0,80000.0,500,0.0001,bandpass_derivative_flat_run
HFocusing_5_10_10um_0_406.npy,P0/data/dataset_particles2SNR_c1/train/10um/HFocusing_5_10_10um_0_406.npy,10um,0,8361,11155,2794,2793,2000000.0,7000.0,80000.0,500,0.0001,bandpass_derivative_flat_run
HFocusing_5_10_10um_0_419.npy,P0/data/dataset_particles2SNR_c1/train/10um/HFocusing_5_10_10um_0_419.npy,10um,0,3794,6260,2466,2465,2000000.0,7000.0,80000.0,500,0.0001,bandpass_derivative_flat_run
HFocusing_5_10_10um_0_446.npy,P0/data/dataset_particles2SNR_c1/train/10um/HFocusing_5_10_10um_0_446.npy,10um,0,12431,14845,2414,2413,2000000.0,7000.0,80000.0,500,0.0001,bandpass_derivative_flat_run
HFocusing_5_10_10um_0_447.npy,P0/data/dataset_particles2SNR_c1/train/10um/HFocusing_5_10_10um_0_447.npy,10um,0,666,3251,2585,2584,2000000.0,7000.0,80000.0,500,0.0001,bandpass_derivative_flat_run
HFocusing_5_10_10um_0_453.npy,P0/data/dataset_particles2SNR_c1/train/10um/HFocusing_5_10_10um_0_453.npy,10um,0,2987,5729,2742,2741,2000000.0,7000.0,80000.0,500,0.0001,bandpass_derivative_flat_run
HFocusing_5_10_10um_0_454.npy,P0/data/dataset_particles2SNR_c1/train/10um/HFocusing_5_10_10um_0_454.npy,10um,0,7186,10045,2859,2858,2000000.0,7000.0,80000.0,500,0.0001,bandpass_derivative_flat_run
HFocusing_5_10_10um_0_479.npy,P0/data/dataset_particles2SNR_c1/train/10um/HFocusing_5_10_10um_0_479.npy,10um,0,879,4153,3274,3273,2000000.0,7000.0,80000.0,500,0.0001,bandpass_derivative_flat_run
HFocusing_5_10_10um_0_485.npy,P0/data/dataset_particles2SNR_c1/train/10um/HFocusing_5_10_10um_0_485.npy,10um,0,2457,4819,2362,2361,2000000.0,7000.0,80000.0,500,0.0001,bandpass_derivative_flat_run
HFocusing_5_10_10um_0_486.npy,P0/data/dataset_particles2SNR_c1/train/10um/HFocusing_5_10_10um_0_486.npy,10um,0,2460,6028,3568,3567,2000000.0,7000.0,80000.0,500,0.0001,bandpass_derivative_flat_run
HFocusing_5_10_10um_0_488.npy,P0/data/dataset_particles2SNR_c1/train/10um/HFocusing_5_10_10um_0_488.npy,10um,0,6248,9705,3457,3456,2000000.0,7000.0,80000.0,500,0.0001,bandpass_derivative_flat_run
HFocusing_5_10_10um_0_494.npy,P0/data/dataset_particles2SNR_c1/train/10um/HFocusing_5_10_10um_0_494.npy,10um,0,10422,13168,2746,2745,2000000.0,7000.0,80000.0,500,0.0001,bandpass_derivative_flat_run
HFocusing_5_10_10um_0_495.npy,P0/data/dataset_particles2SNR_c1/train/10um/HFocusing_5_10_10um_0_495.npy,10um,0,4505,7705,3200,3199,2000000.0,7000.0,80000.0,500,0.0001,bandpass_derivative_flat_run
HFocusing_5_10_10um_0_498.npy,P0/data/dataset_particles2SNR_c1/train/10um/HFocusing_5_10_10um_0_498.npy,10um,0,10388,13801,3413,3412,2000000.0,7000.0,80000.0,500,0.0001,bandpass_derivative_flat_run
HFocusing_5_10_10um_0_501.npy,P0/data/dataset_particles2SNR_c1/train/10um/HFocusing_5_10_10um_0_501.npy,10um,0,10928,11885,957,956,2000000.0,7000.0,80000.0,500,0.0001,bandpass_derivative_flat_run
HFocusing_5_10_10um_0_504.npy,P0/data/dataset_particles2SNR_c1/train/10um/HFocusing_5_10_10um_0_504.npy,10um,0,4804,7748,2944,2943,2000000.0,7000.0,80000.0,500,0.0001,bandpass_derivative_flat_run
HFocusing_5_10_10um_0_520.npy,P0/data/dataset_particles2SNR_c1/train/10um/HFocusing_5_10_10um_0_520.npy,10um,0,804,4298,3494,3493,2000000.0,7000.0,80000.0,500,0.0001,bandpass_derivative_flat_run
HFocusing_5_10_10um_0_523.npy,P0/data/dataset_particles2SNR_c1/train/10um/HFocusing_5_10_10um_0_523.npy,10um,0,8968,12538,3570,3569,2000000.0,7000.0,80000.0,500,0.0001,bandpass_derivative_flat_run
HFocusing_5_10_10um_0_548.npy,P0/data/dataset_particles2SNR_c1/train/10um/HFocusing_5_10_10um_0_548.npy,10um,0,1624,3784,2160,2159,2000000.0,7000.0,80000.0,500,0.0001,bandpass_derivative_flat_run
HFocusing_5_10_10um_0_578.npy,P0/data/dataset_particles2SNR_c1/train/10um/HFocusing_5_10_10um_0_578.npy,10um,0,6366,9680,3314,3313,2000000.0,7000.0,80000.0,500,0.0001,bandpass_derivative_flat_run
HFocusing_5_10_10um_0_587.npy,P0/data/dataset_particles2SNR_c1/train/10um/HFocusing_5_10_10um_0_587.npy,10um,0,13610,15993,2383,2382,2000000.0,7000.0,80000.0,500,0.0001,bandpass_derivative_flat_run
HFocusing_5_10_10um_0_648.npy,P0/data/dataset_particles2SNR_c1/train/10um/HFocusing_5_10_10um_0_648.npy,10um,0,2694,6919,4225,4224,2000000.0,7000.0,80000.0,500,0.0001,bandpass_derivative_flat_run
HFocusing_5_10_10um_0_656.npy,P0/data/dataset_particles2SNR_c1/train/10um/HFocusing_5_10_10um_0_656.npy,10um,0,15254,16384,1130,1129,2000000.0,7000.0,80000.0,500,0.0001,bandpass_derivative_flat_run
HFocusing_5_10_10um_0_663.npy,P0/data/dataset_particles2SNR_c1/train/10um/HFocusing_5_10_10um_0_663.npy,10um,0,329,4727,4398,4397,2000000.0,7000.0,80000.0,500,0.0001,bandpass_derivative_flat_run
HFocusing_5_10_10um_0_665.npy,P0/data/dataset_particles2SNR_c1/train/10um/HFocusing_5_10_10um_0_665.npy,10um,0,6341,9927,3586,3585,2000000.0,7000.0,80000.0,500,0.0001,bandpass_derivative_flat_run
HFocusing_5_10_10um_0_673.npy,P0/data/dataset_particles2SNR_c1/train/10um/HFocusing_5_10_10um_0_673.npy,10um,0,8164,11478,3314,3313,2000000.0,7000.0,80000.0,500,0.0001,bandpass_derivative_flat_run
HFocusing_5_10_10um_0_683.npy,P0/data/dataset_particles2SNR_c1/train/10um/HFocusing_5_10_10um_0_683.npy,10um,0,14572,16384,1812,1811,2000000.0,7000.0,80000.0,500,0.0001,bandpass_derivative_flat_run
HFocusing_5_10_10um_0_685.npy,P0/data/dataset_particles2SNR_c1/train/10um/HFocusing_5_10_10um_0_685.npy,10um,0,0,3482,3482,3481,2000000.0,7000.0,80000.0,500,0.0001,bandpass_derivative_flat_run
HFocusing_5_10_10um_0_701.npy,P0/data/dataset_particles2SNR_c1/train/10um/HFocusing_5_10_10um_0_701.npy,10um,0,1905,4768,2863,2862,2000000.0,7000.0,80000.0,500,0.0001,bandpass_derivative_flat_run
HFocusing_5_10_10um_0_707.npy,P0/data/dataset_particles2SNR_c1/train/10um/HFocusing_5_10_10um_0_707.npy,10um,0,5650,9239,3589,3588,2000000.0,7000.0,80000.0,500,0.0001,bandpass_derivative_flat_run
HFocusing_5_10_10um_0_710.npy,P0/data/dataset_particles2SNR_c1/train/10um/HFocusing_5_10_10um_0_710.npy,10um,0,8590,9224,634,633,2000000.0,7000.0,80000.0,500,0.0001,bandpass_derivative_flat_run
HFocusing_5_10_10um_0_713.npy,P0/data/dataset_particles2SNR_c1/train/10um/HFocusing_5_10_10um_0_713.npy,10um,0,0,1486,1486,1485,2000000.0,7000.0,80000.0,500,0.0001,bandpass_derivative_flat_run
HFocusing_5_10_10um_0_714.npy,P0/data/dataset_particles2SNR_c1/train/10um/HFocusing_5_10_10um_0_714.npy,10um,0,11003,12727,1724,1723,2000000.0,7000.0,80000.0,500,0.0001,bandpass_derivative_flat_run
HFocusing_5_10_10um_0_721.npy,P0/data/dataset_particles2SNR_c1/train/10um/HFocusing_5_10_10um_0_721.npy,10um,0,5360,8077,2717,2716,2000000.0,7000.0,80000.0,500,0.0001,bandpass_derivative_flat_run
HFocusing_5_10_10um_0_728.npy,P0/data/dataset_particles2SNR_c1/train/10um/HFocusing_5_10_10um_0_728.npy,10um,0,10454,14858,4404,4403,2000000.0,7000.0,80000.0,500,0.0001,bandpass_derivative_flat_run
HFocusing_5_10_10um_0_731.npy,P0/data/dataset_particles2SNR_c1/train/10um/HFocusing_5_10_10um_0_731.npy,10um,0,3315,6748,3433,3432,2000000.0,7000.0,80000.0,500,0.0001,bandpass_derivative_flat_run
HFocusing_5_10_10um_0_734.npy,P0/data/dataset_particles2SNR_c1/train/10um/HFocusing_5_10_10um_0_734.npy,10um,0,5695,8720,3025,3024,2000000.0,7000.0,80000.0,500,0.0001,bandpass_derivative_flat_run
HFocusing_5_10_10um_0_740.npy,P0/data/dataset_particles2SNR_c1/train/10um/HFocusing_5_10_10um_0_740.npy,10um,0,4932,8795,3863,3862,2000000.0,7000.0,80000.0,500,0.0001,bandpass_derivative_flat_run
HFocusing_5_10_10um_0_741.npy,P0/data/dataset_particles2SNR_c1/train/10um/HFocusing_5_10_10um_0_741.npy,10um,0,441,3353,2912,2911,2000000.0,7000.0,80000.0,500,0.0001,bandpass_derivative_flat_run
HFocusing_5_10_10um_0_744.npy,P0/data/dataset_particles2SNR_c1/train/10um/HFocusing_5_10_10um_0_744.npy,10um,0,12385,16384,3999,3998,2000000.0,7000.0,80000.0,500,0.0001,bandpass_derivative_flat_run
HFocusing_5_10_10um_0_749.npy,P0/data/dataset_particles2SNR_c1/train/10um/HFocusing_5_10_10um_0_749.npy,10um,0,3229,5767,2538,2537,2000000.0,7000.0,80000.0,500,0.0001,bandpass_derivative_flat_run
HFocusing_5_10_10um_0_753.npy,P0/data/dataset_particles2SNR_c1/train/10um/HFocusing_5_10_10um_0_753.npy,10um,0,10950,14674,3724,3723,2000000.0,7000.0,80000.0,500,0.0001,bandpass_derivative_flat_run
HFocusing_5_10_10um_0_756.npy,P0/data/dataset_particles2SNR_c1/train/10um/HFocusing_5_10_10um_0_756.npy,10um,0,12609,13949,1340,1339,2000000.0,7000.0,80000.0,500,0.0001,bandpass_derivative_flat_run
HFocusing_5_10_10um_0_76.npy,P0/data/dataset_particles2SNR_c1/train/10um/HFocusing_5_10_10um_0_76.npy,10um,0,4088,7310,3222,3221,2000000.0,7000.0,80000.0,500,0.0001,bandpass_derivative_flat_run
HFocusing_5_10_10um_0_761.npy,P0/data/dataset_particles2SNR_c1/train/10um/HFocusing_5_10_10um_0_761.npy,10um,0,1594,3778,2184,2183,2000000.0,7000.0,80000.0,500,0.0001,bandpass_derivative_flat_run
HFocusing_5_10_10um_0_761.npy,P0/data/dataset_particles2SNR_c1/train/10um/HFocusing_5_10_10um_0_761.npy,10um,1,15793,16384,591,590,2000000.0,7000.0,80000.0,500,0.0001,bandpass_derivative_flat_run
HFocusing_5_10_10um_0_768.npy,P0/data/dataset_particles2SNR_c1/train/10um/HFocusing_5_10_10um_0_768.npy,10um,0,0,3255,3255,3254,2000000.0,7000.0,80000.0,500,0.0001,bandpass_derivative_flat_run
HFocusing_5_10_10um_0_769.npy,P0/data/dataset_particles2SNR_c1/train/10um/HFocusing_5_10_10um_0_769.npy,10um,0,3732,6541,2809,2808,2000000.0,7000.0,80000.0,500,0.0001,bandpass_derivative_flat_run
HFocusing_5_10_10um_0_772.npy,P0/data/dataset_particles2SNR_c1/train/10um/HFocusing_5_10_10um_0_772.npy,10um,0,11086,15618,4532,4531,2000000.0,7000.0,80000.0,500,0.0001,bandpass_derivative_flat_run
HFocusing_5_10_10um_0_778.npy,P0/data/dataset_particles2SNR_c1/train/10um/HFocusing_5_10_10um_0_778.npy,10um,0,9539,11669,2130,2129,2000000.0,7000.0,80000.0,500,0.0001,bandpass_derivative_flat_run
HFocusing_5_10_10um_0_782.npy,P0/data/dataset_particles2SNR_c1/train/10um/HFocusing_5_10_10um_0_782.npy,10um,0,10158,13410,3252,3251,2000000.0,7000.0,80000.0,500,0.0001,bandpass_derivative_flat_run
HFocusing_5_10_10um_0_800.npy,P0/data/dataset_particles2SNR_c1/train/10um/HFocusing_5_10_10um_0_800.npy,10um,0,4517,8459,3942,3941,2000000.0,7000.0,80000.0,500,0.0001,bandpass_derivative_flat_run
HFocusing_5_10_10um_0_830.npy,P0/data/dataset_particles2SNR_c1/train/10um/HFocusing_5_10_10um_0_830.npy,10um,0,10286,13952,3666,3665,2000000.0,7000.0,80000.0,500,0.0001,bandpass_derivative_flat_run
HFocusing_5_10_10um_0_833.npy,P0/data/dataset_particles2SNR_c1/train/10um/HFocusing_5_10_10um_0_833.npy,10um,0,7874,12127,4253,4252,2000000.0,7000.0,80000.0,500,0.0001,bandpass_derivative_flat_run
HFocusing_5_10_10um_0_837.npy,P0/data/dataset_particles2SNR_c1/train/10um/HFocusing_5_10_10um_0_837.npy,10um,0,6866,8739,1873,1872,2000000.0,7000.0,80000.0,500,0.0001,bandpass_derivative_flat_run
HFocusing_5_10_10um_0_867.npy,P0/data/dataset_particles2SNR_c1/train/10um/HFocusing_5_10_10um_0_867.npy,10um,0,14534,16384,1850,1849,2000000.0,7000.0,80000.0,500,0.0001,bandpass_derivative_flat_run
HFocusing_5_10_10um_0_885.npy,P0/data/dataset_particles2SNR_c1/train/10um/HFocusing_5_10_10um_0_885.npy,10um,0,4757,8435,3678,3677,2000000.0,7000.0,80000.0,500,0.0001,bandpass_derivative_flat_run
HFocusing_5_10_10um_0_895.npy,P0/data/dataset_particles2SNR_c1/train/10um/HFocusing_5_10_10um_0_895.npy,10um,0,8743,9472,729,728,2000000.0,7000.0,80000.0,500,0.0001,bandpass_derivative_flat_run
HFocusing_5_10_10um_0_898.npy,P0/data/dataset_particles2SNR_c1/train/10um/HFocusing_5_10_10um_0_898.npy,10um,0,3559,7616,4057,4056,2000000.0,7000.0,80000.0,500,0.0001,bandpass_derivative_flat_run
HFocusing_5_10_10um_0_90.npy,P0/data/dataset_particles2SNR_c1/train/10um/HFocusing_5_10_10um_0_90.npy,10um,0,10364,14820,4456,4455,2000000.0,7000.0,80000.0,500,0.0001,bandpass_derivative_flat_run
HFocusing_5_10_10um_0_909.npy,P0/data/dataset_particles2SNR_c1/train/10um/HFocusing_5_10_10um_0_909.npy,10um,0,1585,5099,3514,3513,2000000.0,7000.0,80000.0,500,0.0001,bandpass_derivative_flat_run
HFocusing_5_10_10um_0_917.npy,P0/data/dataset_particles2SNR_c1/train/10um/HFocusing_5_10_10um_0_917.npy,10um,0,1320,5570,4250,4249,2000000.0,7000.0,80000.0,500,0.0001,bandpass_derivative_flat_run
HFocusing_5_10_10um_0_93.npy,P0/data/dataset_particles2SNR_c1/train/10um/HFocusing_5_10_10um_0_93.npy,10um,0,3189,6074,2885,2884,2000000.0,7000.0,80000.0,500,0.0001,bandpass_derivative_flat_run
HFocusing_5_10_10um_0_948.npy,P0/data/dataset_particles2SNR_c1/train/10um/HFocusing_5_10_10um_0_948.npy,10um,0,6152,8015,1863,1862,2000000.0,7000.0,80000.0,500,0.0001,bandpass_derivative_flat_run
HFocusing_5_10_10um_0_952.npy,P0/data/dataset_particles2SNR_c1/train/10um/HFocusing_5_10_10um_0_952.npy,10um,0,0,2004,2004,2003,2000000.0,7000.0,80000.0,500,0.0001,bandpass_derivative_flat_run
HFocusing_5_10_10um_0_961.npy,P0/data/dataset_particles2SNR_c1/train/10um/HFocusing_5_10_10um_0_961.npy,10um,0,13183,14120,937,936,2000000.0,7000.0,80000.0,500,0.0001,bandpass_derivative_flat_run
HFocusing_5_10_10um_0_97.npy,P0/data/dataset_particles2SNR_c1/train/10um/HFocusing_5_10_10um_0_97.npy,10um,0,6295,9428,3133,3132,2000000.0,7000.0,80000.0,500,0.0001,bandpass_derivative_flat_run
HFocusing_5_10_10um_0_972.npy,P0/data/dataset_particles2SNR_c1/train/10um/HFocusing_5_10_10um_0_972.npy,10um,0,7184,9117,1933,1932,2000000.0,7000.0,80000.0,500,0.0001,bandpass_derivative_flat_run
