pipeline,class,source,band,band_low_hz,band_high_hz,mean_pct,std_pct,n_files,n_windows
old,2um,candidate_noise_from_particle_signals,0-1 kHz,0.0,1000.0,77.75406866701226,25.43276079253117,30,103
old,2um,candidate_noise_from_particle_signals,1-7 kHz,1000.0,7000.0,5.902815281398735,7.212566796384747,30,103
old,2um,candidate_noise_from_particle_signals,7-10 kHz,7000.0,10000.0,1.026973684380001,1.2271303945046745,30,103
old,2um,candidate_noise_from_particle_signals,10-40 kHz,10000.0,40000.0,4.531861350070989,5.115157907777552,30,103
old,2um,candidate_noise_from_particle_signals,40-80 kHz,40000.0,80000.0,2.622456304090764,3.0947530363511806,30,103
old,2um,candidate_noise_from_particle_signals,80 kHz-Nyq,80000.0,,8.161824713047254,9.358074143369866,30,103
old,2um,standalone_noise_folder,0-1 kHz,0.0,1000.0,88.42524732205834,6.167407701641508,305,7625
old,2um,standalone_noise_folder,1-7 kHz,1000.0,7000.0,4.330267038328536,2.3232669845453326,305,7625
old,2um,standalone_noise_folder,7-10 kHz,7000.0,10000.0,0.8300654861397948,0.4973269920266415,305,7625
old,2um,standalone_noise_folder,10-40 kHz,10000.0,40000.0,3.2506187639106643,1.7605224894301377,305,7625
old,2um,standalone_noise_folder,40-80 kHz,40000.0,80000.0,1.8404610546242026,1.024695528785548,305,7625
old,2um,standalone_noise_folder,80 kHz-Nyq,80000.0,,1.3233403349384625,0.7118123426066014,305,7625
old,4um,candidate_noise_from_particle_signals,0-1 kHz,0.0,1000.0,51.97786672750932,27.15006390503643,28,52
old,4um,candidate_noise_from_particle_signals,1-7 kHz,1000.0,7000.0,10.10226269731477,5.365665219511843,28,52
old,4um,candidate_noise_from_particle_signals,7-10 kHz,7000.0,10000.0,2.1067388327945356,1.8322102950318744,28,52
old,4um,candidate_noise_from_particle_signals,10-40 kHz,10000.0,40000.0,11.161275787144021,7.364707008559766,28,52
old,4um,candidate_noise_from_particle_signals,40-80 kHz,40000.0,80000.0,5.905921578801677,3.4164802527290603,28,52
old,4um,candidate_noise_from_particle_signals,80 kHz-Nyq,80000.0,,18.745934376435677,11.002294009376332,28,52
old,4um,standalone_noise_folder,0-1 kHz,0.0,1000.0,88.52637317744089,6.002824834107258,305,3965
old,4um,standalone_noise_folder,1-7 kHz,1000.0,7000.0,4.28919861628445,2.249052741294075,305,3965
old,4um,standalone_noise_folder,7-10 kHz,7000.0,10000.0,0.8222666564677422,0.4831877942766495,305,3965
old,4um,standalone_noise_folder,10-40 kHz,10000.0,40000.0,3.225191703434922,1.725835333783749,305,3965
old,4um,standalone_noise_folder,40-80 kHz,40000.0,80000.0,1.8246456222039051,0.998366043044151,305,3965
old,4um,standalone_noise_folder,80 kHz-Nyq,80000.0,,1.3123242241680924,0.6946209409354368,305,3965
old,10um,candidate_noise_from_particle_signals,0-1 kHz,0.0,1000.0,98.01658860125153,4.989862397889065,88,264
old,10um,candidate_noise_from_particle_signals,1-7 kHz,1000.0,7000.0,0.505226689690424,1.3400671563021012,88,264
old,10um,candidate_noise_from_particle_signals,7-10 kHz,7000.0,10000.0,0.07443431387898197,0.16493936386795227,88,264
old,10um,candidate_noise_from_particle_signals,10-40 kHz,10000.0,40000.0,0.4126964396860352,1.1184681410206887,88,264
old,10um,candidate_noise_from_particle_signals,40-80 kHz,40000.0,80000.0,0.21759179504875464,0.5116330776330608,88,264
old,10um,candidate_noise_from_particle_signals,80 kHz-Nyq,80000.0,,0.7734621604442666,1.932703459623602,88,264
old,10um,standalone_noise_folder,0-1 kHz,0.0,1000.0,88.52637317744089,6.002824834107258,305,3965
old,10um,standalone_noise_folder,1-7 kHz,1000.0,7000.0,4.28919861628445,2.249052741294075,305,3965
old,10um,standalone_noise_folder,7-10 kHz,7000.0,10000.0,0.8222666564677422,0.4831877942766495,305,3965
old,10um,standalone_noise_folder,10-40 kHz,10000.0,40000.0,3.225191703434922,1.725835333783749,305,3965
old,10um,standalone_noise_folder,40-80 kHz,40000.0,80000.0,1.8246456222039051,0.998366043044151,305,3965
old,10um,standalone_noise_folder,80 kHz-Nyq,80000.0,,1.3123242241680924,0.6946209409354368,305,3965
new,2um,candidate_noise_from_particle_signals,0-1 kHz,0.0,1000.0,nan,nan,0,0
new,2um,candidate_noise_from_particle_signals,1-7 kHz,1000.0,7000.0,nan,nan,0,0
new,2um,candidate_noise_from_particle_signals,7-10 kHz,7000.0,10000.0,nan,nan,0,0
new,2um,candidate_noise_from_particle_signals,10-40 kHz,10000.0,40000.0,nan,nan,0,0
new,2um,candidate_noise_from_particle_signals,40-80 kHz,40000.0,80000.0,nan,nan,0,0
new,2um,candidate_noise_from_particle_signals,80 kHz-Nyq,80000.0,,nan,nan,0,0
new,2um,standalone_noise_folder,0-1 kHz,0.0,1000.0,88.42524732205834,6.167407701641508,305,7625
new,2um,standalone_noise_folder,1-7 kHz,1000.0,7000.0,4.330267038328536,2.3232669845453326,305,7625
new,2um,standalone_noise_folder,7-10 kHz,7000.0,10000.0,0.8300654861397948,0.4973269920266415,305,7625
new,2um,standalone_noise_folder,10-40 kHz,10000.0,40000.0,3.2506187639106643,1.7605224894301377,305,7625
new,2um,standalone_noise_folder,40-80 kHz,40000.0,80000.0,1.8404610546242026,1.024695528785548,305,7625
new,2um,standalone_noise_folder,80 kHz-Nyq,80000.0,,1.3233403349384625,0.7118123426066014,305,7625
new,4um,candidate_noise_from_particle_signals,0-1 kHz,0.0,1000.0,nan,nan,0,0
new,4um,candidate_noise_from_particle_signals,1-7 kHz,1000.0,7000.0,nan,nan,0,0
new,4um,candidate_noise_from_particle_signals,7-10 kHz,7000.0,10000.0,nan,nan,0,0
new,4um,candidate_noise_from_particle_signals,10-40 kHz,10000.0,40000.0,nan,nan,0,0
new,4um,candidate_noise_from_particle_signals,40-80 kHz,40000.0,80000.0,nan,nan,0,0
new,4um,candidate_noise_from_particle_signals,80 kHz-Nyq,80000.0,,nan,nan,0,0
new,4um,standalone_noise_folder,0-1 kHz,0.0,1000.0,88.52637317744089,6.002824834107258,305,3965
new,4um,standalone_noise_folder,1-7 kHz,1000.0,7000.0,4.28919861628445,2.249052741294075,305,3965
new,4um,standalone_noise_folder,7-10 kHz,7000.0,10000.0,0.8222666564677422,0.4831877942766495,305,3965
new,4um,standalone_noise_folder,10-40 kHz,10000.0,40000.0,3.225191703434922,1.725835333783749,305,3965
new,4um,standalone_noise_folder,40-80 kHz,40000.0,80000.0,1.8246456222039051,0.998366043044151,305,3965
new,4um,standalone_noise_folder,80 kHz-Nyq,80000.0,,1.3123242241680924,0.6946209409354368,305,3965
new,10um,candidate_noise_from_particle_signals,0-1 kHz,0.0,1000.0,nan,nan,0,0
new,10um,candidate_noise_from_particle_signals,1-7 kHz,1000.0,7000.0,nan,nan,0,0
new,10um,candidate_noise_from_particle_signals,7-10 kHz,7000.0,10000.0,nan,nan,0,0
new,10um,candidate_noise_from_particle_signals,10-40 kHz,10000.0,40000.0,nan,nan,0,0
new,10um,candidate_noise_from_particle_signals,40-80 kHz,40000.0,80000.0,nan,nan,0,0
new,10um,candidate_noise_from_particle_signals,80 kHz-Nyq,80000.0,,nan,nan,0,0
new,10um,standalone_noise_folder,0-1 kHz,0.0,1000.0,88.52637317744089,6.002824834107258,305,3965
new,10um,standalone_noise_folder,1-7 kHz,1000.0,7000.0,4.28919861628445,2.249052741294075,305,3965
new,10um,standalone_noise_folder,7-10 kHz,7000.0,10000.0,0.8222666564677422,0.4831877942766495,305,3965
new,10um,standalone_noise_folder,10-40 kHz,10000.0,40000.0,3.225191703434922,1.725835333783749,305,3965
new,10um,standalone_noise_folder,40-80 kHz,40000.0,80000.0,1.8246456222039051,0.998366043044151,305,3965
new,10um,standalone_noise_folder,80 kHz-Nyq,80000.0,,1.3123242241680924,0.6946209409354368,305,3965
